{"cameraMode":{"drawMode":0,"name":"Shaded","section":"Shading Mode"},"sceneLighting":true,"audioPlay":false,"sceneViewState":{"showFog":true,"showMaterialUpdate":false,"showSkybox":true,"showFlares":true,"showImageEffects":true,"showParticleSystems":true},"in2DMode":false,"pivot":{"x":-3.3697900772094728,"y":-4.606973648071289,"z":-0.8694233894348145},"rotation":{"x":0.23156476020812989,"y":-0.7423540353775024,"z":0.31640130281448367,"w":0.5433061122894287},"size":8.203668594360352,"orthographic":false}