{"cameraMode":{"drawMode":0,"name":"Shaded","section":"Shading Mode"},"sceneLighting":true,"audioPlay":false,"sceneViewState":{"showFog":true,"showMaterialUpdate":false,"showSkybox":true,"showFlares":true,"showImageEffects":true,"showParticleSystems":true},"in2DMode":false,"pivot":{"x":-20.74658203125,"y":-5.984067916870117,"z":-22.060321807861329},"rotation":{"x":-0.22486421465873719,"y":0.7735462784767151,"z":-0.38983553647994997,"w":-0.4461956322193146},"size":15.177595138549805,"orthographic":false}