{"cameraMode":{"drawMode":0,"name":"Shaded","section":"Shading Mode"},"sceneLighting":true,"audioPlay":false,"sceneViewState":{"showFog":true,"showMaterialUpdate":false,"showSkybox":true,"showFlares":true,"showImageEffects":true,"showParticleSystems":true},"in2DMode":false,"pivot":{"x":-8.928062438964844,"y":3.2338943481445314,"z":-23.942829132080079},"rotation":{"x":-0.22486421465873719,"y":0.7735462784767151,"z":-0.38983553647994997,"w":-0.4461956322193146},"size":12.81063175201416,"orthographic":false}