{"cameraMode":{"drawMode":0,"name":"Shaded","section":"Shading Mode"},"sceneLighting":true,"audioPlay":false,"sceneViewState":{"showFog":true,"showMaterialUpdate":false,"showSkybox":true,"showFlares":true,"showImageEffects":true,"showParticleSystems":true},"in2DMode":false,"pivot":{"x":-5.8853044509887699,"y":13.78317928314209,"z":-21.03999900817871},"rotation":{"x":-0.20566342771053315,"y":0.7200461626052856,"z":-0.2396627515554428,"w":-0.6178982257843018},"size":7.86483097076416,"orthographic":false}